STATE_UT_NAME,DISTRICT,ACTUAL_ANNUAL_RAINFALL,PREDICTED_ANNUAL_RAINFALL
ANDAMAN And NICOBAR ISLANDS,NICOBAR,2805.2,2805.2
ANDAMAN And NICOBAR ISLANDS,SOUTH ANDAMAN,3015.7,3015.699999999998
ANDAMAN And NICOBAR ISLANDS,N & M ANDAMAN,2913.3,2913.2999999999984
ARUNACHAL PRADESH,LOHIT,3043.8,3043.7999999999984
ARUNACHAL PRADESH,EAST SIANG,4034.7,4034.699999999996
ARUNACHAL PRADESH,SUBANSIRI F.D,1300.4,1300.4
ARUNACHAL PRADESH,TIRAP,3571.5,3571.4999999999973
ARUNACHAL PRADESH,ANJAW (LOHIT),3043.8,3043.7999999999984
ARUNACHAL PRADESH,LOWER DIBANG,2553.3,2553.299999999998
ARUNACHAL PRADESH,CHANGLANG,3543.9,3543.8999999999965
ARUNACHAL PRADESH,PAPUM PARE,3378.2,3378.1999999999966
ARUNACHAL PRADESH,LOW SUBANSIRI,1921.1,1921.1000000000001
ARUNACHAL PRADESH,UPPER SIANG,4402.1,4402.099999999995
ARUNACHAL PRADESH,WEST SIANG,2440.7,2440.6999999999985
ARUNACHAL PRADESH,DIBANG VALLEY,2553.3,2553.299999999998
ARUNACHAL PRADESH,WEST KAMENG,3399.4,3399.3999999999974
ARUNACHAL PRADESH,EAST KAMENG,2030.9,2030.899999999999
ARUNACHAL PRADESH,TAWANG(W KAME,3399.4,3399.3999999999974
ARUNACHAL PRADESH,KURUNG KUMEY,2221.5,2221.5
ASSAM,CACHAR,2999.2,2999.199999999997
ASSAM,DARRANG,1957.8,1957.7999999999993
ASSAM,GOALPARA,2575.3,2575.2999999999984
ASSAM,KAMRUP,1813.4,1813.3999999999992
ASSAM,LAKHIMPUR,2859.3,2859.2999999999975
ASSAM,NORTH CACHAR,1977.5,1977.4999999999982
ASSAM,NAGAON,1660.1,1660.0999999999997
ASSAM,SIVASAGAR,1811.6,1811.599999999999
ASSAM,BARPETA,3274.6,3274.5999999999967
ASSAM,DHUBRI,2702.6,2702.599999999998
ASSAM,DIBRUGARH,2556.6,2556.5999999999985
ASSAM,JORHAT,2083.0,2082.999999999999
ASSAM,KARIMGANJ,3650.8,3650.7999999999965
ASSAM,KOKRAJHAR,3772.2,3772.1999999999966
ASSAM,SHONITPUR,1978.5,1978.4999999999995
ASSAM,GOLAGHAT,1680.7,1680.6999999999996
ASSAM,TINSUKIA,2485.3,2485.299999999998
ASSAM,HAILAKANDI,2645.6,2645.599999999997
ASSAM,DHEMAJI(LAKHI,2859.3,2859.2999999999975
ASSAM,KARBI ANGLONG,1341.0,1341.0
ASSAM,UDALGURI(DARA,1957.8,1957.7999999999993
ASSAM,KAMRUP METROP,1813.4,1813.3999999999992
ASSAM,CHIRANG(BONGAI,3218.7,3218.699999999997
ASSAM,BAKSA BARPETA,3274.6,3274.5999999999967
ASSAM,BONGAIGAON,3218.7,3218.699999999997
ASSAM,MORIGAON,1743.5,1743.4999999999995
ASSAM,NALBARI,2356.6,2356.5999999999985
MEGHALAYA,EAST KHASI HI,6166.1,6166.099999999993
MEGHALAYA,JAINTIA HILLS,6379.9,6379.899999999992
MEGHALAYA,EAST GARO HIL,2554.4,2554.3999999999987
MEGHALAYA,RI-BHOI,2116.9,2116.899999999999
MEGHALAYA,SOUTH GARO HI,2459.8,2459.7999999999984
MEGHALAYA,W KHASI HILL,3643.0,3642.999999999997
MEGHALAYA,WEST GARO HIL,2459.8,2459.7999999999984
MANIPUR,IMPHAL EAST,1839.2,1839.199999999999
MANIPUR,SENAPATI,1922.6,1922.599999999999
MANIPUR,TAMENGLONG,7229.3,7229.299999999988
MANIPUR,CHANDEL,2647.5,2647.4999999999973
MANIPUR,UKHRUL,1549.0,1548.9999999999993
MANIPUR,THOUBAL,1286.3,1286.3
MANIPUR,BISHNUPUR,2127.5,2127.499999999999
MANIPUR,IMPHAL WEST,1530.9,1530.8999999999999
MANIPUR,CHURACHANDPUR,2337.4,2337.3999999999987
MIZORAM,AIZAWL,2814.4,2814.399999999998
MIZORAM,CHAMPHAI,2168.6,2168.5999999999985
MIZORAM,KOLASIB,2660.0,2659.9999999999977
MIZORAM,LUNGLEI,2731.1,2731.0999999999976
MIZORAM,CHHIMTUIPUI,2814.4,2814.399999999998
MIZORAM,LAWNGTLAI,2557.6,2557.5999999999976
MIZORAM,MAMIT,2814.4,2814.399999999998
MIZORAM,SAIHA,2480.6,2480.5999999999976
MIZORAM,SERCHHIP,2505.8,2505.7999999999984
NAGALAND,KOHIMA,1824.8,1824.799999999999
NAGALAND,TUENSANG,2080.0,2079.9999999999995
NAGALAND,MOKOKCHUNG,2409.8,2409.7999999999984
NAGALAND,DIMAPUR,1305.9,1305.9000000000003
NAGALAND,WOKHA,2497.7,2497.699999999998
NAGALAND,MON,1339.9,1339.8999999999999
NAGALAND,ZUNHEBOTO,2080.0,2079.9999999999995
NAGALAND,PHEK,1824.8,1824.799999999999
NAGALAND,KEPHRIE,2080.0,2079.9999999999995
NAGALAND,LONGLENG,2080.0,2079.9999999999995
NAGALAND,PEREN,1824.8,1824.799999999999
TRIPURA,NORTH TRIPURA,2641.8,2641.799999999998
TRIPURA,SOUTH TRIPURA,2475.4,2475.399999999998
TRIPURA,WEST TRIPURA,2286.7,2286.699999999998
TRIPURA,DHALAI,2512.6,2512.599999999998
WEST BENGAL,COOCH BEHAR,3443.7,3443.699999999997
WEST BENGAL,DARJEELING,3118.5,3118.499999999999
WEST BENGAL,JALPAIGURI,3468.3,3468.2999999999965
WEST BENGAL,MALDA,1419.4,1419.4
WEST BENGAL,SOUTH DINAJPUR,1584.9,1584.8999999999996
WEST BENGAL,NORTH DINAJPUR,1727.6,1727.6000000000004
SIKKIM,NORTH SIKKIM,3094.5,3094.499999999997
SIKKIM,EAST SIKKIM,2582.2,2582.1999999999985
SIKKIM,WEST SIKKIM,3094.5,3094.499999999997
SIKKIM,SOUTH SIKKIM,2582.2,2582.1999999999985
WEST BENGAL,BANKURA,1330.9,1330.9
WEST BENGAL,BIRBHUM,1392.8,1392.8
WEST BENGAL,BURDWAN,1315.2,1315.2
WEST BENGAL,HOOGHLY,1418.7,1418.6999999999998
WEST BENGAL,HOWRAH,1600.0,1599.9999999999995
WEST BENGAL,PURULIA,1363.3,1363.3
WEST BENGAL,MURSHIDABAD,1391.1,1391.1000000000001
WEST BENGAL,NADIA,1261.6,1261.6
WEST BENGAL,NORTH 24 PARG,1559.8,1559.8
WEST BENGAL,SOUTH 24 PARG,2088.0,2087.9999999999986
WEST BENGAL,EAST MIDNAPOR,1669.6,1669.5999999999995
WEST BENGAL,WEST MIDNAPOR,1535.5,1535.4999999999995
WEST BENGAL,KOLKATA,1709.2,1709.1999999999996
ORISSA,BALASORE,1679.0,1678.999999999999
ORISSA,BOLANGIR,1370.8,1370.8
ORISSA,KANDHAMAL/PHU,1448.3,1448.2999999999997
ORISSA,CUTTACK,1519.7,1519.6999999999998
ORISSA,DHENKANAL,1469.0,1468.9999999999998
ORISSA,GANJAM,1304.5,1304.5
ORISSA,KALAHANDI,1403.0,1403.0
ORISSA,KEONDJHARGARH,1436.7,1436.6999999999996
ORISSA,KORAPUT,1622.5,1622.4999999999995
ORISSA,MAYURBHANJ,1660.7,1660.6999999999994
ORISSA,PURI,1416.2,1416.1999999999998
ORISSA,SAMBALPUR,1533.5,1533.5
ORISSA,SUNDARGARH,1347.8,1347.8000000000004
ORISSA,BHADRAK,1507.4,1507.3999999999994
ORISSA,JAJPUR,1541.3,1541.2999999999997
ORISSA,KENDRAPARA,1540.6,1540.599999999999
ORISSA,ANGUL,1362.0,1361.9999999999998
ORISSA,NAWAPARA,1197.4,1197.4000000000005
ORISSA,MALKANGIRI,1572.7,1572.6999999999998
ORISSA,NAWARANGPUR,1660.5,1660.4999999999995
ORISSA,NAYAGARH,1450.1,1450.1
ORISSA,KHURDA,1469.5,1469.4999999999995
ORISSA,BARGARH,1264.9,1264.9
ORISSA,JHARSUGUDA,1474.3,1474.3000000000002
ORISSA,DEOGARH,1533.5,1533.5
ORISSA,RAYAGADA,1326.9,1326.8999999999999
ORISSA,GAJAPATI,1462.1,1462.0999999999995
ORISSA,JAGATSINGHAPU,1565.0,1564.9999999999993
ORISSA,BOUDHGARH,1448.3,1448.2999999999997
ORISSA,SONEPUR,1395.4,1395.4
JHARKHAND,BOKARO,1247.5,1247.5000000000005
JHARKHAND,DHANBAD,1355.2,1355.2
JHARKHAND,DUMKA,1381.5,1381.5
JHARKHAND,HAZARIBAG,1196.0,1196.0000000000005
JHARKHAND,PALAMU,1095.9,1095.9000000000008
JHARKHAND,RANCHI,1403.2,1403.2000000000003
JHARKHAND,SAHIBGANJ,1553.7,1553.6999999999998
JHARKHAND,WEST SINGHBHUM,1305.6,1305.6000000000001
JHARKHAND,DEOGHAR,1162.1,1162.1000000000004
JHARKHAND,GIRIDIH,1252.7,1252.7000000000003
JHARKHAND,GODDA,1144.4,1144.4000000000003
JHARKHAND,GUMLA,1421.3,1421.3000000000002
JHARKHAND,LOHARDAGA,1197.1,1197.1000000000004
JHARKHAND,CHATRA,1171.9,1171.9000000000005
JHARKHAND,KODERMA,1116.2,1116.2000000000007
JHARKHAND,PAKUR,1612.4,1612.3999999999996
JHARKHAND,EAST SINGHBHU,1292.7,1292.7000000000003
JHARKHAND,GARHWA,1041.8,1041.800000000001
JHARKHAND,SERAIKELA-KHA,1359.6,1359.6000000000004
JHARKHAND,JAMTARA,1476.0,1475.9999999999998
JHARKHAND,LATEHAR,1191.5,1191.5000000000005
JHARKHAND,SIMDEGA,1573.1,1573.1000000000001
JHARKHAND,KHUNTI(RANCHI,1482.8,1482.8000000000002
JHARKHAND,RAMGARH,1248.3,1248.3000000000002
BIHAR,BHAGALPUR,1207.9,1207.9000000000005
BIHAR,EAST CHAMPARAN,1197.7,1197.7000000000005
BIHAR,DARBHANGA,1123.6,1123.6000000000008
BIHAR,GAYA,1003.9,1003.9000000000008
BIHAR,MUNGER,1146.8,1146.8000000000006
BIHAR,MUZAFFARPUR,1154.5,1154.5000000000005
BIHAR,WEST CHAMPARAN,1472.0,1472.0000000000002
BIHAR,PURNEA,1598.2,1598.1999999999998
BIHAR,GOPALGANJ,1135.5,1135.500000000001
BIHAR,MADHUBANI,1293.3,1293.3000000000004
BIHAR,AURANGABAD,974.9,974.900000000001
BIHAR,BEGUSARAI,1090.7,1090.7000000000005
BIHAR,BHOJPUR,1051.5,1051.5000000000007
BIHAR,NALANDA,1002.2,1002.2000000000007
BIHAR,PATNA,1074.8,1074.8000000000006
BIHAR,KATIHAR,1342.7,1342.7000000000003
BIHAR,KHAGARIA,1233.9,1233.9000000000005
BIHAR,SARAN,1123.8,1123.8000000000006
BIHAR,MADHEPURA,1392.7,1392.7000000000003
BIHAR,NAWADA,1041.8,1041.8000000000006
BIHAR,ROHTAS,949.1,949.1000000000008
BIHAR,SAMASTIPUR,1192.3,1192.3000000000006
BIHAR,SITAMARHI,1293.1,1293.1000000000004
BIHAR,SIWAN,1135.4,1135.4000000000005
BIHAR,VAISHALI,1176.5,1176.5000000000007
BIHAR,JAHANABAD,936.6,936.6000000000009
BIHAR,BUXAR,975.4,975.400000000001
BIHAR,ARARIA,1632.2,1632.1999999999998
BIHAR,BANKA,1054.5,1054.5000000000005
BIHAR,BHABUA,1126.3,1126.3000000000009
BIHAR,JAMUI,1107.3,1107.3000000000004
BIHAR,KISHANGANJ,2090.6,2090.5999999999995
BIHAR,SHEIKHPURA,1008.4,1008.4000000000008
BIHAR,SUPAUL,1273.8,1273.8000000000002
BIHAR,LAKHISARAI,1146.8,1146.8000000000006
BIHAR,SHEOHAR,1293.1,1293.1000000000004
BIHAR,ARWAL,874.4,874.4000000000011
BIHAR,SAHARSA,1692.9,1692.8999999999996
UTTAR PRADESH,ALLAHABAD,902.6,902.6000000000013
UTTAR PRADESH,AZAMGARH,1058.3,1058.3000000000006
UTTAR PRADESH,BAHRAICH,1148.6,1148.6000000000006
UTTAR PRADESH,BALLIA,928.2,928.200000000001
UTTAR PRADESH,BANDA,943.2,943.2000000000012
UTTAR PRADESH,BARABANKI,1055.4,1055.400000000001
UTTAR PRADESH,BASTI,1062.7,1062.7000000000007
UTTAR PRADESH,DEORIA,1087.0,1087.0000000000007
UTTAR PRADESH,FAIZABAD,1114.0,1114.000000000001
UTTAR PRADESH,FARRUKHABAD,853.3,853.300000000001
UTTAR PRADESH,FATEHPUR,915.2,915.2000000000012
UTTAR PRADESH,GHAZIPUR,995.8,995.8000000000009
UTTAR PRADESH,GONDA,1160.1,1160.1000000000008
UTTAR PRADESH,GORAKHPUR,1338.3,1338.3000000000006
UTTAR PRADESH,HARDOI,918.2,918.200000000001
UTTAR PRADESH,JAUNPUR,968.1,968.1000000000008
UTTAR PRADESH,KANPUR NAGAR,806.4,806.4000000000012
UTTAR PRADESH,KHERI LAKHIMP,1085.3,1085.3000000000006
UTTAR PRADESH,LUCKNOW,885.3,885.300000000001
UTTAR PRADESH,MIRZAPUR,1003.2,1003.200000000001
UTTAR PRADESH,PRATAPGARH,943.6,943.6000000000009
UTTAR PRADESH,RAE BARELI,853.0,853.000000000001
UTTAR PRADESH,SITAPUR,1003.3,1003.300000000001
UTTAR PRADESH,SULTANPUR,944.5,944.5000000000009
UTTAR PRADESH,UNNAO,907.2,907.2000000000008
UTTAR PRADESH,VARANASI,1037.6,1037.6000000000008
UTTAR PRADESH,SONBHADRA,1025.1,1025.1000000000008
UTTAR PRADESH,MAHARAJGANJ,1389.1,1389.1000000000004
UTTAR PRADESH,MAU,1121.3,1121.3000000000006
UTTAR PRADESH,SIDDHARTH NGR,1145.7,1145.7000000000007
UTTAR PRADESH,KUSHINAGAR,1326.6,1326.6000000000004
UTTAR PRADESH,AMBEDKAR NAGAR,1013.3,1013.3000000000009
UTTAR PRADESH,KANNAUJ,902.3,902.300000000001
UTTAR PRADESH,BALRAMPUR,1247.9,1247.9000000000005
UTTAR PRADESH,KAUSHAMBI,861.7,861.7000000000011
UTTAR PRADESH,SAHUJI MAHARA,986.3,986.3000000000011
UTTAR PRADESH,KANPUR DEHAT,857.2,857.2000000000011
UTTAR PRADESH,CHANDAULI,949.6,949.600000000001
UTTAR PRADESH,SANT KABIR NGR,1110.6,1110.6000000000004
UTTAR PRADESH,SANT RAVIDAS,949.6,949.600000000001
UTTAR PRADESH,SHRAVASTI NGR,1148.6,1148.6000000000006
UTTAR PRADESH,AGRA,774.6,774.6000000000013
UTTAR PRADESH,ALIGARH,771.0,771.0000000000011
UTTAR PRADESH,BAREILLY,996.6,996.6000000000008
UTTAR PRADESH,BIJNOR,1083.1,1083.100000000001
UTTAR PRADESH,BADAUN,884.8,884.8000000000009
UTTAR PRADESH,BULANDSHAHAR,779.0,779.0000000000011
UTTAR PRADESH,ETAH,714.4,714.4000000000011
UTTAR PRADESH,ETAWAH,829.6,829.600000000001
UTTAR PRADESH,HAMIRPUR,881.8,881.8000000000012
UTTAR PRADESH,JALAUN,871.5,871.500000000001
UTTAR PRADESH,JHANSI,931.5,931.5000000000009
UTTAR PRADESH,LALITPUR,1034.6,1034.600000000001
UTTAR PRADESH,MAINPURI,748.4,748.4000000000011
UTTAR PRADESH,MATHURA,655.9,655.900000000001
UTTAR PRADESH,MEERUT,918.0,918.0000000000011
UTTAR PRADESH,MORADABAD,992.9,992.9000000000009
UTTAR PRADESH,MUZAFFARNAGAR,869.1,869.100000000001
UTTAR PRADESH,PILIBHIT,1155.4,1155.4000000000005
UTTAR PRADESH,RAMPUR,1057.6,1057.6000000000008
UTTAR PRADESH,SAHARANPUR,963.9,963.9000000000009
UTTAR PRADESH,SHAHJAHANPUR,1010.8,1010.8000000000008
UTTAR PRADESH,GHAZIABAD,766.3,766.3000000000011
UTTAR PRADESH,FIROZABAD,765.5,765.5000000000011
UTTAR PRADESH,MAHOBA,853.1,853.1000000000013
UTTAR PRADESH,MAHAMAYA NAGA,710.8,710.8000000000011
UTTAR PRADESH,AURAIYA,811.9,811.900000000001
UTTAR PRADESH,BAGPAT,646.1,646.1000000000013
UTTAR PRADESH,JYOTIBA PHULE,917.4,917.400000000001
UTTAR PRADESH,GAUTAM BUDDHA,669.3,669.3000000000014
UTTAR PRADESH,KANSHIRAM NAG,818.4,818.4000000000011
UTTARANCHAL,ALMORA,1157.3,1157.3000000000006
UTTARANCHAL,CHAMOLI,1267.0,1267.0000000000005
UTTARANCHAL,DEHRADUN,2123.9,2123.8999999999996
UTTARANCHAL,GARHWAL PAURI,1464.0,1464.0000000000005
UTTARANCHAL,NAINITAL,1743.7,1743.7000000000003
UTTARANCHAL,PITHORAGARH,2098.0,2097.9999999999995
UTTARANCHAL,GARHWAL TEHRI,1385.0,1385.0000000000005
UTTARANCHAL,UTTARKASHI,1625.7,1625.7000000000003
UTTARANCHAL,HARIDWAR,1143.9,1143.9000000000005
UTTARANCHAL,CHAMPAWAT,1623.9,1623.9
UTTARANCHAL,RUDRAPRAYAG,2150.9,2150.9
UTTARANCHAL,UDHAM SINGH N,1313.9,1313.9000000000005
UTTARANCHAL,BAGESHWAR,1157.3,1157.3000000000006
HARYANA,AMBALA,1104.7,1104.7000000000012
HARYANA,GURGAON,544.0,544.0000000000013
HARYANA,HISAR,401.4,401.40000000000134
HARYANA,JIND,509.1,509.1000000000013
HARYANA,KARNAL,714.4,714.4000000000015
HARYANA,MAHENDRAGARH,476.2,476.2000000000013
HARYANA,ROHTAK,618.0,618.0000000000013
HARYANA,BHIWANI,419.5,419.5000000000015
HARYANA,FARIDABAD,697.6,697.6000000000013
HARYANA,KURUKSHETRA,691.4,691.4000000000015
HARYANA,SIRSA,313.5,313.5000000000015
HARYANA,SONEPAT(RTK),644.2,644.2000000000013
HARYANA,YAMUNANAGAR,1107.0,1107.000000000001
HARYANA,KAITHAL,466.5,466.5000000000015
HARYANA,PANIPAT,624.1,624.1000000000014
HARYANA,REWARI,492.2,492.20000000000135
HARYANA,FATEHABAD,364.6,364.6000000000016
HARYANA,JHAJJAR,489.0,489.0000000000013
HARYANA,PANCHKULA,1148.2,1148.200000000001
HARYANA,MEWAT,572.0,572.0000000000013
HARYANA,PALWAL(FRD),508.1,508.10000000000133
CHANDIGARH,CHANDIGARH,1070.6,1070.600000000001
DELHI,NEW DELHI,747.1,747.100000000001
DELHI,CENTRAL DELHI,747.1,747.100000000001
DELHI,EAST DELHI,747.1,747.100000000001
DELHI,NORTH DELHI,747.1,747.100000000001
DELHI,NE DELHI,747.1,747.100000000001
DELHI,SW DELHI,747.1,747.100000000001
DELHI,NW DELHI,747.1,747.100000000001
DELHI,SOUTH DELHI,747.1,747.100000000001
DELHI,WEST DELHI,747.1,747.100000000001
PUNJAB,AMRITSAR,721.7,721.7000000000012
PUNJAB,BATHINDA,407.9,407.90000000000134
PUNJAB,FEROZEPUR,455.6,455.60000000000144
PUNJAB,GURDASPUR,1112.5,1112.5000000000014
PUNJAB,HOSHIARPUR,933.1,933.1000000000008
PUNJAB,JALANDHAR,719.1,719.100000000001
PUNJAB,KAPURTHALA,568.0,568.0000000000015
PUNJAB,LUDHIANA,685.6,685.6000000000012
PUNJAB,PATIALA,752.0,752.0000000000011
PUNJAB,RUPNAGAR,956.5,956.5000000000009
PUNJAB,SANGRUR,557.4,557.4000000000012
PUNJAB,FARIDKOT,415.6,415.60000000000144
PUNJAB,MOGA,460.6,460.6000000000016
PUNJAB,NAWANSHAHR,1005.6,1005.6000000000008
PUNJAB,FATEHGARH SAH,683.1,683.1000000000013
PUNJAB,MUKTSAR,399.5,399.5000000000016
PUNJAB,MANSA,419.8,419.8000000000013
PUNJAB,BARNALA,449.4,449.40000000000134
PUNJAB,SAS NAGAR(MGA),818.7,818.7000000000013
PUNJAB,TARN TARAN,449.2,449.2000000000014
HIMACHAL,BILASPUR,1197.2,1197.2000000000007
HIMACHAL,CHAMBA,1997.1,1997.1000000000006
HIMACHAL,KANGRA,2019.8,2019.8000000000002
HIMACHAL,KINNAUR,836.4,836.4000000000015
HIMACHAL,KULLU,1088.1,1088.1000000000008
HIMACHAL,LAHUL & SPITI,1248.8,1248.800000000001
HIMACHAL,MANDI,1506.9,1506.9000000000005
HIMACHAL,HAMIRPUR,1428.2,1428.2000000000007
HIMACHAL,SHIMLA,1041.4,1041.4000000000008
HIMACHAL,SIRMAUR,1618.3,1618.3000000000004
HIMACHAL,SOLAN,1366.2,1366.2000000000007
HIMACHAL,UNA,1110.7,1110.7000000000007
JAMMU AND KASHMIR,ANANTNAG,969.6,969.6000000000008
JAMMU AND KASHMIR,BARAMULLA,1132.0,1132.0000000000002
JAMMU AND KASHMIR,DODA,1335.5,1335.5
JAMMU AND KASHMIR,JAMMU,1211.3,1211.3000000000006
JAMMU AND KASHMIR,KATHUA,1268.2,1268.2000000000016
JAMMU AND KASHMIR,LADAKH (LEH),94.6,94.60000000000178
JAMMU AND KASHMIR,UDHAMPUR,1973.9,1973.9000000000005
JAMMU AND KASHMIR,BADGAM,671.7,671.7000000000012
JAMMU AND KASHMIR,KUPWARA,1132.7,1132.7
JAMMU AND KASHMIR,PULWAMA,504.6,504.6000000000014
JAMMU AND KASHMIR,SRINAGAR,673.6,673.6000000000012
JAMMU AND KASHMIR,KARGIL,223.3,223.30000000000172
JAMMU AND KASHMIR,POONCH,1474.1,1474.1000000000013
JAMMU AND KASHMIR,RAJOURI,957.2,957.2000000000008
JAMMU AND KASHMIR,BANDIPORE,700.4,700.400000000001
JAMMU AND KASHMIR,GANDERWAL,673.6,673.6000000000012
JAMMU AND KASHMIR,KULGAM/(ANT),878.9,878.9000000000015
JAMMU AND KASHMIR,SHOPAN,818.7,818.7000000000007
JAMMU AND KASHMIR,SAMBA,1211.3,1211.3000000000006
JAMMU AND KASHMIR,KISTWAR,1335.5,1335.5
JAMMU AND KASHMIR,REASI,1796.5,1796.5000000000007
JAMMU AND KASHMIR,RAMBAN(DDA),1328.4,1328.4
RAJASTHAN,BARMER,268.6,268.6000000000015
RAJASTHAN,BIKANER,274.0,274.0000000000014
RAJASTHAN,CHURU,369.6,369.6000000000014
RAJASTHAN,SRI GANGANAGA,252.9,252.9000000000015
RAJASTHAN,JAISALMER,181.2,181.2000000000016
RAJASTHAN,JALORE,427.1,427.10000000000133
RAJASTHAN,JODHPUR,308.1,308.10000000000144
RAJASTHAN,NAGAUR,394.1,394.1000000000014
RAJASTHAN,PALI,485.7,485.7000000000014
RAJASTHAN,HANUMANGARH,301.6,301.6000000000015
RAJASTHAN,AJMER,462.2,462.20000000000135
RAJASTHAN,ALWAR,630.9,630.9000000000012
RAJASTHAN,BANSWARA,883.0,883.0000000000009
RAJASTHAN,BHARATPUR,621.1,621.1000000000013
RAJASTHAN,BHILWARA,630.2,630.2000000000011
RAJASTHAN,BUNDI,705.6,705.6000000000013
RAJASTHAN,CHITTORGARH,765.3,765.3000000000011
RAJASTHAN,DUNGARPUR,677.8,677.8000000000011
RAJASTHAN,JAIPUR,577.2,577.2000000000012
RAJASTHAN,JHALAWAR,920.2,920.200000000001
RAJASTHAN,JHUNJHUNU,481.0,481.00000000000125
RAJASTHAN,KOTA,807.9,807.9000000000011
RAJASTHAN,SAWAI MADHOPUR,721.0,721.0000000000011
RAJASTHAN,SIKAR,463.8,463.80000000000126
RAJASTHAN,SIROHI,913.4,913.4000000000009
RAJASTHAN,TONK,613.9,613.9000000000011
RAJASTHAN,UDAIPUR,639.7,639.7000000000012
RAJASTHAN,DHOLPUR,722.1,722.1000000000012
RAJASTHAN,BARAN,852.7,852.700000000001
RAJASTHAN,DAUSA,674.8,674.8000000000011
RAJASTHAN,RAJSAMAND,554.5,554.5000000000013
RAJASTHAN,KARAULI,696.2,696.2000000000011
RAJASTHAN,PRATAPGARH(CHT,915.3,915.3000000000009
MADHYA PRADESH,BETUL,1028.8,1028.8000000000006
MADHYA PRADESH,VIDISHA,1084.8,1084.8000000000009
MADHYA PRADESH,BHIND,763.4,763.4000000000011
MADHYA PRADESH,DATIA,860.2,860.200000000001
MADHYA PRADESH,DEWAS,1031.4,1031.4000000000008
MADHYA PRADESH,DHAR,886.1,886.1000000000009
MADHYA PRADESH,GUNA,1028.3,1028.3000000000009
MADHYA PRADESH,GWALIOR,885.9,885.9000000000012
MADHYA PRADESH,HOSHANGABAD,1392.2,1392.2000000000005
MADHYA PRADESH,INDORE,917.3,917.3000000000009
MADHYA PRADESH,JHABUA,812.8,812.8000000000009
MADHYA PRADESH,MANDSAUR,850.1,850.1000000000009
MADHYA PRADESH,MORENA,777.0,777.0000000000013
MADHYA PRADESH,KHANDWA,940.0,940.0000000000009
MADHYA PRADESH,KHARGONE,826.9,826.900000000001
MADHYA PRADESH,RAISEN,1200.5,1200.5000000000007
MADHYA PRADESH,RAJGARH,966.7,966.700000000001
MADHYA PRADESH,RATLAM,947.8,947.8000000000009
MADHYA PRADESH,SEHORE,1152.6,1152.6000000000006
MADHYA PRADESH,SHAJAPUR,949.4,949.400000000001
MADHYA PRADESH,SHIVPURI,859.4,859.4000000000011
MADHYA PRADESH,UJJAIN,905.7,905.7000000000011
MADHYA PRADESH,BHOPAL,1087.7,1087.7000000000007
MADHYA PRADESH,HARDA,1128.3,1128.3000000000009
MADHYA PRADESH,NEEMUCH,813.8,813.800000000001
MADHYA PRADESH,SHEOPUR,791.9,791.9000000000011
MADHYA PRADESH,BARWANI,701.2,701.200000000001
MADHYA PRADESH,ASHOKNAGAR(GNA,926.7,926.700000000001
MADHYA PRADESH,BURHANPUR,889.1,889.1000000000008
MADHYA PRADESH,ALIRAJPUR(JBA),863.6,863.600000000001
MADHYA PRADESH,BALAGHAT,1481.6,1481.6000000000004
MADHYA PRADESH,CHHATARPUR,1081.4,1081.400000000001
MADHYA PRADESH,CHHINDWARA,1021.6,1021.6000000000008
MADHYA PRADESH,JABALPUR,1192.4,1192.400000000001
MADHYA PRADESH,MANDLA,1397.0,1397.0000000000005
MADHYA PRADESH,NARSINGHPUR,1146.4,1146.4000000000008
MADHYA PRADESH,PANNA,1171.7,1171.7000000000007
MADHYA PRADESH,REWA,1068.5,1068.500000000001
MADHYA PRADESH,SAGAR,1192.2,1192.2000000000007
MADHYA PRADESH,SATNA,1056.1,1056.100000000001
MADHYA PRADESH,SEONI,1191.8,1191.8000000000006
MADHYA PRADESH,SHAHDOL,1109.9,1109.9000000000008
MADHYA PRADESH,SIDHI,1127.0,1127.000000000001
MADHYA PRADESH,TIKAMGARH,938.5,938.5000000000014
MADHYA PRADESH,KATNI,1141.1,1141.1000000000008
MADHYA PRADESH,DINDORI,1336.7,1336.7000000000003
MADHYA PRADESH,UMARIA,1235.7,1235.7000000000007
MADHYA PRADESH,DAMOH,1180.6,1180.6000000000008
MADHYA PRADESH,ANUPPUR(SHAHD,1354.5,1354.5000000000007
MADHYA PRADESH,SINGRAULI,921.2,921.2000000000007
GUJARAT,AHMEDABAD,639.9,639.9000000000011
GUJARAT,BANASKANTHA,598.4,598.4000000000011
GUJARAT,BARODA,992.2,992.2000000000007
GUJARAT,BHARUCH,824.9,824.9000000000008
GUJARAT,VALSAD,2021.7,2021.699999999999
GUJARAT,DANGS,2063.0,2062.9999999999995
GUJARAT,KHEDA,850.1,850.100000000001
GUJARAT,MEHSANA,692.7,692.700000000001
GUJARAT,PANCHMAHALS,959.3,959.3000000000009
GUJARAT,SABARKANTHA,816.3,816.3000000000009
GUJARAT,SURAT,1304.7,1304.7
GUJARAT,GANDHINAGAR,752.7,752.7000000000011
GUJARAT,NARMADA(BRC),1143.7,1143.7000000000005
GUJARAT,NAVSARI(VSD),1866.4,1866.3999999999996
GUJARAT,ANAND(KHR),834.6,834.6000000000008
GUJARAT,PATAN(MHSN),539.6,539.6000000000012
GUJARAT,DAHOD(PNML),903.6,903.6000000000009
GUJARAT,TAPI(SRT),1536.0,1536.0
GUJARAT,AMRELI,567.3,567.3000000000012
GUJARAT,BHAVNAGAR,578.3,578.3000000000011
GUJARAT,JAMNAGAR,498.0,498.0000000000011
GUJARAT,JUNAGADH,830.4,830.4000000000008
GUJARAT,KUTCH,388.8,388.8000000000014
GUJARAT,RAJKOT,579.1,579.100000000001
GUJARAT,SURENDRANAGAR,534.6,534.6000000000012
GUJARAT,PORBANDAR,716.6,716.6000000000008
DADAR NAGAR HAVELI,DNH,2374.1,2374.099999999999
DAMAN AND DUI,DAMAN,2374.1,2374.099999999999
DAMAN AND DUI,DIU,697.3,697.3000000000009
MAHARASHTRA,MUMBAI CITY,2257.5,2257.499999999999
MAHARASHTRA,RAIGAD,3278.9,3278.899999999998
MAHARASHTRA,RATNAGIRI,3470.6,3470.5999999999967
MAHARASHTRA,THANE,2542.1,2542.0999999999985
MAHARASHTRA,SINDHUDURG,3269.2,3269.1999999999966
MAHARASHTRA,MUMBAI SUB,2257.5,2257.499999999999
GOA,NORTH GOA,3471.4,3471.399999999996
GOA,SOUTH GOA,3085.6,3085.599999999997
MAHARASHTRA,AHMEDNAGAR,573.2,573.200000000001
MAHARASHTRA,DHULE,607.2,607.2000000000012
MAHARASHTRA,JALGAON,730.9,730.9000000000008
MAHARASHTRA,KOLHAPUR,1992.8,1992.7999999999993
MAHARASHTRA,NASHIK,1029.6,1029.6000000000006
MAHARASHTRA,PUNE,1015.7,1015.7000000000005
MAHARASHTRA,SANGLI,730.6,730.6000000000008
MAHARASHTRA,SATARA,912.5,912.5000000000005
MAHARASHTRA,SOLAPUR,646.5,646.5000000000009
MAHARASHTRA,NANDURBAR,890.7,890.7000000000007
MAHARASHTRA,AURANGABAD,716.2,716.200000000001
MAHARASHTRA,BEED,708.4,708.400000000001
MAHARASHTRA,NANDED,961.1,961.1000000000006
MAHARASHTRA,OSMANABAD,779.3,779.3000000000009
MAHARASHTRA,PARBHANI,897.0,897.0000000000008
MAHARASHTRA,LATUR,910.0,910.0000000000007
MAHARASHTRA,JALNA,729.7,729.700000000001
MAHARASHTRA,HINGOLI,979.4,979.4000000000005
MAHARASHTRA,AKOLA,815.4,815.400000000001
MAHARASHTRA,AMRAVATI,897.4,897.4000000000009
MAHARASHTRA,BHANDARA,1292.7,1292.7000000000003
MAHARASHTRA,BULDHANA,746.9,746.900000000001
MAHARASHTRA,CHANDRAPUR,1272.0,1272.0000000000005
MAHARASHTRA,NAGPUR,1068.4,1068.4000000000008
MAHARASHTRA,YAVATMAL,982.8,982.8000000000008
MAHARASHTRA,WARDHA,1027.0,1027.0000000000007
MAHARASHTRA,GADCHIROLI,1449.8,1449.8000000000002
MAHARASHTRA,WASHIM,940.9,940.9000000000008
MAHARASHTRA,GONDIA,1370.7,1370.7000000000005
CHATISGARH,BASTAR,1362.6,1362.6000000000001
CHATISGARH,BILASPUR,1229.0,1229.0000000000005
CHATISGARH,DURG,1122.9,1122.9000000000005
CHATISGARH,RAIGARH,1269.9,1269.9000000000003
CHATISGARH,RAIPUR,1164.6,1164.6000000000004
CHATISGARH,SURGUJA,1331.9,1331.9000000000003
CHATISGARH,RAJNANDGAON,1209.3,1209.3000000000004
CHATISGARH,DANTEWADA,1327.9,1327.9000000000003
CHATISGARH,KANKER (NORH,1395.2,1395.2000000000003
CHATISGARH,JANJGIR-CHAMP,1315.8,1315.8000000000004
CHATISGARH,KORBA,1385.5,1385.5000000000005
CHATISGARH,JASHPUR,1544.4,1544.3999999999999
CHATISGARH,DHAMTARI,1168.6,1168.6000000000004
CHATISGARH,MAHASAMUND,1141.3,1141.3000000000002
CHATISGARH,KORIYA,1223.4,1223.4000000000008
CHATISGARH,KOWARDHA (KAB,1029.3,1029.3000000000006
CHATISGARH,NARAYANPUR,1404.5,1404.5000000000002
CHATISGARH,BIJAPUR,1528.2,1528.2
ANDHRA PRADESH,EAST GODAVARI,1106.0,1106.0
ANDHRA PRADESH,WEST GODAVARI,1160.4,1160.4
ANDHRA PRADESH,GUNTUR,871.5,871.5000000000006
ANDHRA PRADESH,KRISHNA,1027.1,1027.1000000000004
ANDHRA PRADESH,NELLORE,1091.6,1091.6000000000006
ANDHRA PRADESH,PRAKASAM,805.9,805.9000000000007
ANDHRA PRADESH,SRIKAKULAM,1165.2,1165.2
ANDHRA PRADESH,VISAKHAPATNAM,1120.7,1120.7000000000003
ANDHRA PRADESH,VIZIANAGARAM,1140.4,1140.4
ANDHRA PRADESH,ADILABAD,1120.0,1120.0000000000005
ANDHRA PRADESH,HYDERABAD,851.3,851.3000000000009
ANDHRA PRADESH,KARIMNAGAR,979.8,979.8000000000008
ANDHRA PRADESH,KHAMMAM,1094.9,1094.9000000000003
ANDHRA PRADESH,MAHABUBNAGAR,731.1,731.1000000000008
ANDHRA PRADESH,MEDAK,922.3,922.3000000000008
ANDHRA PRADESH,NALGONDA,760.5,760.5000000000008
ANDHRA PRADESH,NIZAMABAD,1091.9,1091.9000000000005
ANDHRA PRADESH,WARANGAL,986.9,986.9000000000005
ANDHRA PRADESH,RANGAREDDY,841.8,841.8000000000008
ANDHRA PRADESH,ANANTAPUR,572.7,572.700000000001
ANDHRA PRADESH,CHITTOOR,898.2,898.2000000000007
ANDHRA PRADESH,KUDDAPAH,716.9,716.9000000000009
ANDHRA PRADESH,KURNOOL,679.6,679.6000000000008
TAMIL NADU,VELLORE,936.2,936.2000000000007
TAMIL NADU,COIMBATORE,689.3,689.3000000000009
TAMIL NADU,DHARMAPURI,902.1,902.1000000000006
TAMIL NADU,KANYAKUMARI,1302.5,1302.5
TAMIL NADU,CHENNAI,1324.2,1324.2000000000005
TAMIL NADU,MADURAI,927.9,927.9000000000007
TAMIL NADU,NILGIRIS,1522.7,1522.6999999999998
TAMIL NADU,RAMANATHAPURA,807.8,807.8000000000015
TAMIL NADU,SALEM,997.9,997.9000000000007
TAMIL NADU,THANJAVUR,1013.1,1013.100000000001
TAMIL NADU,TIRUCHIRAPPAL,818.0,818.000000000001
TAMIL NADU,TIRUNELVELI,845.1,845.1000000000012
TAMIL NADU,ERODE,702.9,702.9000000000009
TAMIL NADU,PUDUKKOTTAI,887.4,887.4000000000013
TAMIL NADU,DINDIGUL,930.7,930.7000000000012
TAMIL NADU,VIRUDHUNAGAR,820.1,820.1000000000009
TAMIL NADU,SIVAGANGA,872.8,872.800000000001
TAMIL NADU,THOOTHUKUDI,656.3,656.3000000000014
TAMIL NADU,TIRUVANNAMALA,1040.0,1040.0000000000007
TAMIL NADU,NAGAPATTINAM,1393.3,1393.3000000000018
TAMIL NADU,VILUPPURAM,1011.6,1011.6000000000008
TAMIL NADU,CUDDALORE,1206.7,1206.7000000000007
TAMIL NADU,KANCHIPURAM,1227.7,1227.7000000000007
TAMIL NADU,TIRUVALLUR,1139.6,1139.6000000000006
TAMIL NADU,THENI,720.0,720.0000000000011
TAMIL NADU,NAMAKKAL,793.4,793.4000000000008
TAMIL NADU,KARUR,655.0,655.0000000000011
TAMIL NADU,PERAMBALUR,861.9,861.900000000001
TAMIL NADU,TIRUVARUR,1173.3,1173.3000000000015
TAMIL NADU,KRISHNAGIRI,850.7,850.7000000000007
TAMIL NADU,ARIYALUR,1071.8,1071.8000000000009
TAMIL NADU,TIRUPUR,618.2,618.2000000000011
PONDICHERRY,PONDICHERRY,1336.5,1336.5000000000002
PONDICHERRY,KARAIKAL,1504.4,1504.4000000000008
PONDICHERRY,MAHE,1336.5,1336.5000000000002
PONDICHERRY,YANAM,1336.5,1336.5000000000002
KARNATAKA,UTTAR KANNADA,3070.5,3070.4999999999973
KARNATAKA,DAKSHIN KANDA,3915.8,3915.7999999999965
KARNATAKA,UDUPI,4306.0,4305.999999999995
KARNATAKA,BELGAM,839.2,839.2000000000006
KARNATAKA,BIDAR,890.7,890.7000000000007
KARNATAKA,BIJAPUR,656.4,656.400000000001
KARNATAKA,DHARWAD,791.7,791.7000000000007
KARNATAKA,GULBARGA,820.6,820.6000000000008
KARNATAKA,YADGIR,834.5,834.5000000000008
KARNATAKA,RAICHUR,665.1,665.1000000000009
KARNATAKA,BAGALKOTE,597.0,597.0000000000009
KARNATAKA,GADAG,641.2,641.200000000001
KARNATAKA,HAVERI,791.9,791.9000000000008
KARNATAKA,KOPPAL,598.3,598.300000000001
KARNATAKA,BANGALORE RUR,837.0,837.0000000000006
KARNATAKA,BELLARY,622.8,622.800000000001
KARNATAKA,CHIKMAGALUR,2077.5,2077.499999999999
KARNATAKA,CHITRADURGA,527.7,527.7000000000011
KARNATAKA,KODAGU,2741.4,2741.3999999999983
KARNATAKA,HASSAN,967.1,967.1000000000004
KARNATAKA,KOLAR,731.1,731.1000000000008
KARNATAKA,MANDYA,662.7,662.7000000000007
KARNATAKA,MYSORE,758.6,758.6000000000007
KARNATAKA,SHIMOGA,1827.9,1827.8999999999994
KARNATAKA,TUMKUR,698.5,698.5000000000008
KARNATAKA,BANGALORE URB,870.0,870.0000000000005
KARNATAKA,CHAMARAJANAGA,788.4,788.4000000000008
KARNATAKA,DAVANGERE,676.7,676.700000000001
KARNATAKA,RAMNAGAR(BNGR),883.7,883.7000000000005
KARNATAKA,CHICKBALLAPUR,748.5,748.5000000000007
KERALA,ALAPPUZHA,2841.2,2841.1999999999975
KERALA,CANNUR,3319.1,3319.099999999997
KERALA,ERNAKULAM,3029.9,3029.899999999997
KERALA,KOTTAYAM,2930.5,2930.4999999999973
KERALA,KOZHIKODE,3384.1,3384.0999999999967
KERALA,MALAPPURAM,2835.1,2835.099999999997
KERALA,PALAKKAD,2290.0,2289.999999999998
KERALA,KOLLAM,2491.7,2491.699999999998
KERALA,THRISSUR,3063.1,3063.0999999999967
KERALA,THIRUVANANTHA,1803.2,1803.1999999999994
KERALA,IDUKKI,3302.5,3302.4999999999973
KERALA,KASARGOD,3621.6,3621.5999999999963
KERALA,PATHANAMTHITTA,2958.4,2958.3999999999974
KERALA,WAYANAD,3253.1,3253.099999999997
LAKSHADWEEP,LAKSHADWEEP,1600.0,1599.9999999999993
